{
  "HTTP Request" : {
    "transaction" : "HTTP Request",
    "sampleCount" : 2000,
    "errorCount" : 0,
    "errorPct" : 0.0,
    "meanResTime" : 191.03000000000017,
    "medianResTime" : 110.0,
    "minResTime" : 24.0,
    "maxResTime" : 1045.0,
    "pct1ResTime" : 455.0,
    "pct2ResTime" : 524.0,
    "pct3ResTime" : 761.99,
    "throughput" : 198.47176739108863,
    "receivedKBytesPerSec" : 77.06112155155304,
    "sentKBytesPerSec" : 128.79344671033044
  },
  "총계" : {
    "transaction" : "총계",
    "sampleCount" : 2000,
    "errorCount" : 0,
    "errorPct" : 0.0,
    "meanResTime" : 191.03000000000017,
    "medianResTime" : 110.0,
    "minResTime" : 24.0,
    "maxResTime" : 1045.0,
    "pct1ResTime" : 455.0,
    "pct2ResTime" : 524.0,
    "pct3ResTime" : 761.99,
    "throughput" : 198.47176739108863,
    "receivedKBytesPerSec" : 77.06112155155304,
    "sentKBytesPerSec" : 128.79344671033044
  }
}